192.168.1.1,22,root,FMtbptuy1lipyVyD,测试资产
192.168.1.2,22,root,FMtbptuy2lipyVyD,测试资产
192.168.1.3,22,root,FMtbptuy3lipyVyD,测试资产
192.168.1.4,22,root,FMtbptuy4lipyVyD,测试资产
192.168.1.5,22,root,FMtbptuy5lipyVyD,测试资产
192.168.1.6,22,root,FMtbptuy6lipyVyD,测试资产
192.168.1.7,22,root,FMtbptuy7lipyVyD,测试资产
192.168.1.8,22,root,FMtbptuy8lipyVyD,测试资产
192.168.1.9,22,root,FMtbptuy9lipyVyD,测试资产
192.168.1.10,22,root,FMtbptuy10lipyVyD,测试资产
192.168.1.11,22,root,FMtbptuy11lipyVyD,测试资产
192.168.1.12,22,root,FMtbptuy12lipyVyD,测试资产
192.168.1.13,22,root,FMtbptuy13lipyVyD,测试资产
192.168.1.14,22,root,FMtbptuy14lipyVyD,测试资产
192.168.1.15,22,root,FMtbptuy15lipyVyD,测试资产
192.168.1.16,22,root,FMtbptuy16lipyVyD,测试资产
192.168.1.17,22,root,FMtbptuy17lipyVyD,测试资产
192.168.1.18,22,root,FMtbptuy18lipyVyD,测试资产
192.168.1.19,22,root,FMtbptuy19lipyVyD,测试资产
192.168.1.20,22,root,FMtbptuy20lipyVyD,测试资产
192.168.1.21,22,root,FMtbptuy21lipyVyD,测试资产
192.168.1.22,22,root,FMtbptuy22lipyVyD,测试资产
192.168.1.23,22,root,FMtbptuy23lipyVyD,测试资产
192.168.1.24,22,root,FMtbptuy24lipyVyD,测试资产
192.168.1.25,22,root,FMtbptuy25lipyVyD,测试资产
192.168.1.26,22,root,FMtbptuy26lipyVyD,测试资产
192.168.1.27,22,root,FMtbptuy27lipyVyD,测试资产
192.168.1.28,22,root,FMtbptuy28lipyVyD,测试资产
192.168.1.29,22,root,FMtbptuy29lipyVyD,测试资产
192.168.1.30,22,root,FMtbptuy30lipyVyD,测试资产
192.168.1.31,22,root,FMtbptuy31lipyVyD,测试资产
192.168.1.32,22,root,FMtbptuy32lipyVyD,测试资产
192.168.1.33,22,root,FMtbptuy33lipyVyD,测试资产
192.168.1.34,22,root,FMtbptuy34lipyVyD,测试资产
192.168.1.35,22,root,FMtbptuy35lipyVyD,测试资产
192.168.1.36,22,root,FMtbptuy36lipyVyD,测试资产
192.168.1.37,22,root,FMtbptuy37lipyVyD,测试资产
192.168.1.38,22,root,FMtbptuy38lipyVyD,测试资产
192.168.1.39,22,root,FMtbptuy39lipyVyD,测试资产
192.168.1.40,22,root,FMtbptuy40lipyVyD,测试资产
192.168.1.41,22,root,FMtbptuy41lipyVyD,测试资产
192.168.1.42,22,root,FMtbptuy42lipyVyD,测试资产
192.168.1.43,22,root,FMtbptuy43lipyVyD,测试资产
192.168.1.44,22,root,FMtbptuy44lipyVyD,测试资产
192.168.1.45,22,root,FMtbptuy45lipyVyD,测试资产
192.168.1.46,22,root,FMtbptuy46lipyVyD,测试资产
192.168.1.47,22,root,FMtbptuy47lipyVyD,测试资产
192.168.1.48,22,root,FMtbptuy48lipyVyD,测试资产
192.168.1.49,22,root,FMtbptuy49lipyVyD,测试资产
192.168.1.50,22,root,FMtbptuy50lipyVyD,测试资产
192.168.1.51,22,root,FMtbptuy51lipyVyD,测试资产
192.168.1.52,22,root,FMtbptuy52lipyVyD,测试资产
192.168.1.53,22,root,FMtbptuy53lipyVyD,测试资产
192.168.1.54,22,root,FMtbptuy54lipyVyD,测试资产
192.168.1.55,22,root,FMtbptuy55lipyVyD,测试资产
192.168.1.56,22,root,FMtbptuy56lipyVyD,测试资产
192.168.1.57,22,root,FMtbptuy57lipyVyD,测试资产
192.168.1.58,22,root,FMtbptuy58lipyVyD,测试资产
192.168.1.59,22,root,FMtbptuy59lipyVyD,测试资产
192.168.1.60,22,root,FMtbptuy60lipyVyD,测试资产
192.168.1.61,22,root,FMtbptuy61lipyVyD,测试资产
192.168.1.62,22,root,FMtbptuy62lipyVyD,测试资产
192.168.1.63,22,root,FMtbptuy63lipyVyD,测试资产
192.168.1.64,22,root,FMtbptuy64lipyVyD,测试资产
192.168.1.65,22,root,FMtbptuy65lipyVyD,测试资产
192.168.1.66,22,root,FMtbptuy66lipyVyD,测试资产
192.168.1.67,22,root,FMtbptuy67lipyVyD,测试资产
192.168.1.68,22,root,FMtbptuy68lipyVyD,测试资产
192.168.1.69,22,root,FMtbptuy69lipyVyD,测试资产
192.168.1.70,22,root,FMtbptuy70lipyVyD,测试资产
192.168.1.71,22,root,FMtbptuy71lipyVyD,测试资产